{
    "loss": 17.617198944091797,
    "accuracy": 0.5035971403121948
}